date,close
2026-10-05,2.0
2026-10-05,15.0
2026-10-05,-13.0
2026-10-05,5.0
2026-10-05,70.0
2026-10-05,-65.0
2026-10-05,71.0
2026-10-05,344.0
2026-10-05,-273.0
2026-10-05,2.0
2026-10-05,15.0
2026-10-05,-13.0
2026-10-05,5.0
2026-10-05,70.0
2026-10-05,-65.0
2026-10-05,71.0
2026-10-05,344.0
2026-10-05,-273.0
2026-10-05,2.0
2026-10-05,15.0
2026-10-05,-13.0
2026-10-05,5.0
2026-10-05,70.0
2026-10-05,-65.0
2026-10-05,71.0
2026-10-05,344.0
2026-10-05,-273.0
2026-10-05,2.0
2026-10-05,15.0
2026-10-05,-13.0
2026-10-05,5.0
2026-10-05,70.0
2026-10-05,-65.0
2026-10-05,71.0
2026-10-05,344.0
2026-10-05,-273.0
2026-10-05,2.0
2026-10-05,15.0
2026-10-05,-13.0
2026-10-05,5.0
2026-10-05,70.0
2026-10-05,-65.0
2026-10-05,71.0
2026-10-05,344.0
2026-10-05,-273.0
