Sira,Ticker,RSRating,RSScore,Fiyat,High52W,Low52W,ZirvedenUzaklik,DiptenYukselis,Tarih
1,TKFEN,99,265.76,255.5,282.0,66.69,9.4,283.14,2026-10-08
2,CELHA,99,259.02,31.2,32.44,8.35,3.82,273.65,2026-10-08
3,KERVN,99,207.15,7.28,11.11,1.91,34.47,281.15,2026-10-08
4,TUPRS,99,187.13,392.25,416.78,161.18,5.89,143.36,2026-10-08
5,CRFSA,99,182.19,227.4,346.75,104.3,34.42,118.02,2026-10-08
6,AHGAZ,98,180.19,48.02,48.54,20.82,1.07,130.6,2026-10-08
7,RYGYO,98,175.93,45.86,54.05,19.18,15.15,139.1,2026-10-08
8,OZSUB,98,175.21,37.0,45.8,16.21,19.21,128.3,2026-10-08
9,INVES,98,169.25,728.5,870.0,194.8,16.26,273.97,2026-10-08
10,ETILR,98,160.91,7.25,7.88,3.37,7.99,115.13,2026-10-08
11,ARDYZ,97,160.43,64.65,97.9,24.39,33.96,165.07,2026-10-08
12,DURDO,97,159.84,6.43,6.72,3.29,4.32,95.44,2026-10-08
13,ATATP,97,157.85,243.5,368.5,122.6,33.92,98.61,2026-10-08
14,KLSYN,97,156.49,14.0,17.48,5.08,19.91,175.47,2026-10-08
15,ENERY,96,154.86,14.15,14.22,8.04,0.49,75.89,2026-10-08
16,ISDMR,96,153.49,62.25,66.25,32.36,6.04,92.36,2026-10-08
17,VERUS,96,149.77,519.5,764.5,168.7,32.05,207.94,2026-10-08
18,GMTAS,96,149.34,46.12,54.9,20.32,15.99,126.96,2026-10-08
19,ORGE,96,145.73,22.7,26.82,12.82,15.36,77.07,2026-10-08
20,BURVA,95,143.78,563.0,1350.0,130.0,58.3,333.08,2026-10-08
21,KGYO,95,141.79,8.49,14.0,4.23,39.36,100.71,2026-10-08
22,KRDMD,95,139.44,43.02,48.44,23.5,11.19,83.06,2026-10-08
23,BRSAN,95,136.47,670.5,789.0,383.5,15.02,74.84,2026-10-08
24,NETAS,94,135.41,82.2,109.6,52.45,25.0,56.72,2026-10-08
25,RYSAS,94,135.39,23.92,30.54,13.44,21.68,77.98,2026-10-08
26,DEVA,94,133.74,87.0,109.3,57.5,20.4,51.3,2026-10-08
27,GLYHO,94,133.09,17.55,18.91,9.72,7.19,80.56,2026-10-08
28,KRGYO,94,132.6,3.5,3.78,2.4,7.41,45.83,2026-10-08
29,AKCNS,93,132.0,229.1,253.75,120.79,9.71,89.66,2026-10-08
30,KRPLS,93,131.78,10.97,14.98,7.2,26.77,52.36,2026-10-08
31,INDES,93,131.33,11.21,12.6,6.83,11.06,64.2,2026-10-08
32,PCILT,93,130.8,30.6,38.02,17.15,19.52,78.45,2026-10-08
33,EBEBK,92,130.75,80.65,92.15,49.05,12.48,64.41,2026-10-08
34,YEOTK,92,128.84,27.62,53.04,13.82,47.92,99.93,2026-10-08
35,HUNER,92,127.51,4.07,4.73,2.93,13.95,38.91,2026-10-08
36,CCOLA,92,127.49,80.4,93.5,44.7,14.01,79.87,2026-10-08
37,METRO,92,127.08,7.65,9.65,3.87,20.73,97.67,2026-10-08
38,BIMAS,91,125.67,401.0,443.25,250.91,9.53,59.82,2026-10-08
39,HALKB,91,125.29,43.92,54.35,24.46,19.19,79.56,2026-10-08
40,SOKM,91,123.97,55.8,70.25,37.02,20.57,50.73,2026-10-08
41,EREGL,91,122.75,36.6,45.1,23.15,18.85,58.13,2026-10-08
42,AVGYO,90,122.68,16.17,19.4,8.93,16.65,81.08,2026-10-08
43,RGYAS,90,121.68,188.3,207.43,128.43,9.22,46.61,2026-10-08
44,KCHOL,90,121.06,212.4,232.5,140.74,8.65,50.92,2026-10-08
45,ALARK,90,120.93,108.3,119.9,75.3,9.67,43.82,2026-10-08
46,ENJSA,90,120.7,113.0,127.9,69.5,11.65,62.6,2026-10-08
47,ARASE,89,120.27,96.95,129.6,48.94,25.19,98.09,2026-10-08
48,TRCAS,89,119.74,45.4,53.35,33.05,14.91,37.36,2026-10-08
49,ASELS,89,118.81,348.75,450.0,171.28,22.5,103.61,2026-10-08
50,VAKBN,89,117.09,33.66,43.06,21.38,21.83,57.44,2026-10-08
51,AKFYE,89,116.98,3.75,4.89,2.7,23.31,38.63,2026-10-08
52,EGPRO,88,116.37,33.8,47.2,22.77,28.39,48.46,2026-10-08
53,EUPWR,88,115.89,49.98,109.3,25.5,54.27,96.0,2026-10-08
54,VANGD,88,114.91,68.0,109.0,36.52,37.61,86.2,2026-10-08
55,AKSGY,88,114.48,9.3,10.34,6.78,10.06,37.17,2026-10-08
56,ALBRK,87,114.41,8.78,10.24,7.21,14.22,21.85,2026-10-08
57,VBTYZ,87,114.01,23.68,40.0,15.02,40.8,57.66,2026-10-08
58,FLAP,87,113.14,11.32,16.6,8.33,31.81,35.89,2026-10-08
59,FONET,87,112.9,4.16,6.39,2.65,34.9,56.98,2026-10-08
60,MEPET,87,112.82,21.06,33.86,13.7,37.8,53.72,2026-10-08
61,TRGYO,86,112.79,91.45,103.2,66.5,11.39,37.52,2026-10-08
62,AYDEM,86,112.75,25.62,33.2,16.99,22.83,50.79,2026-10-08
63,PETKM,86,112.32,20.64,28.06,16.12,26.44,28.04,2026-10-08
64,AEFES,86,111.62,18.36,22.87,13.13,19.72,39.78,2026-10-08
65,AGHOL,85,111.45,32.14,37.78,23.9,14.93,34.48,2026-10-08
66,AGESA,85,110.75,229.5,266.75,178.21,13.96,28.78,2026-10-08
67,TATGD,85,109.95,16.02,23.34,11.65,31.36,37.51,2026-10-08
68,GSDDE,85,109.67,11.54,18.88,9.11,38.88,26.67,2026-10-08
69,NTGAZ,85,109.61,10.85,13.69,8.47,20.75,28.04,2026-10-08
70,TNZTP,84,109.52,24.58,34.86,20.08,29.49,22.41,2026-10-08
71,ARSAN,84,109.06,3.41,4.96,2.56,31.25,33.2,2026-10-08
72,MPARK,84,108.87,420.25,514.0,304.0,18.24,38.24,2026-10-08
73,SANKO,84,108.14,21.72,25.48,17.23,14.76,26.06,2026-10-08
74,GUBRF,83,108.09,407.5,625.5,261.75,34.85,55.68,2026-10-08
75,AKSEN,83,108.08,72.25,117.5,43.5,38.51,66.09,2026-10-08
76,ANHYT,83,107.59,100.9,122.5,81.75,17.63,23.43,2026-10-08
77,LOGO,83,107.5,146.5,174.75,121.1,16.16,20.97,2026-10-08
78,PAGYO,83,106.43,115.0,177.1,73.91,35.06,55.58,2026-10-08
79,KARTN,82,106.33,99.2,238.3,61.65,58.37,60.91,2026-10-08
80,AKBNK,82,105.7,68.15,90.6,51.4,24.78,32.58,2026-10-08
81,ISGYO,82,105.4,22.66,29.22,17.74,22.45,27.76,2026-10-08
82,ISATR,82,104.37,4950000.0,4950000.0,4949953.0,0.0,0.0,2026-10-08
83,KRONT,81,104.33,18.96,29.28,11.99,35.25,58.13,2026-10-08
84,ESCOM,81,104.27,4.29,6.93,3.02,38.1,42.05,2026-10-08
85,FORTE,81,103.64,89.9,146.1,70.15,38.47,28.15,2026-10-08
86,SAHOL,81,103.39,88.75,113.18,72.73,21.59,22.02,2026-10-08
87,TAVHL,81,102.87,275.75,364.19,214.76,24.28,28.4,2026-10-08
88,ENKAI,80,102.49,81.6,114.3,66.03,28.61,23.59,2026-10-08
89,GARAN,80,101.84,128.5,163.11,110.92,21.22,15.85,2026-10-08
90,ANSGR,80,101.52,24.26,31.52,19.75,23.03,22.83,2026-10-08
91,EKGYO,80,101.39,19.61,26.36,17.13,25.62,14.48,2026-10-08
92,BMSTL,80,101.23,39.26,66.0,31.2,40.52,25.83,2026-10-08
93,TOASO,79,101.06,269.0,358.25,209.47,24.91,28.42,2026-10-08
94,AKSA,79,100.87,10.49,13.28,8.79,21.01,19.39,2026-10-08
95,EGGUB,79,100.81,99.45,142.3,81.7,30.11,21.73,2026-10-08
96,TURSG,79,100.64,5.54,7.31,4.39,24.26,26.14,2026-10-08
97,MOBTL,78,100.15,10.54,16.82,6.73,37.34,56.61,2026-10-08
98,TCELL,78,99.92,100.2,129.6,88.34,22.69,13.42,2026-10-08
99,PKART,78,99.56,87.1,185.0,67.0,52.92,30.0,2026-10-08
100,DZGYO,78,99.53,7.45,10.5,6.24,29.05,19.39,2026-10-08
101,ISCTR,78,99.46,12.79,17.46,10.65,26.76,20.04,2026-10-08
102,TABGD,77,99.27,224.0,295.0,203.68,24.07,9.98,2026-10-08
103,FRIGO,77,98.94,2.1,3.66,1.33,42.55,57.89,2026-10-08
104,AVPGY,77,98.7,50.6,67.1,44.0,24.59,14.99,2026-10-08
105,KORDS,77,98.31,3.12,5.21,2.5,40.06,24.95,2026-10-08
106,MAVI,76,97.35,37.24,48.84,33.3,23.75,11.83,2026-10-08
107,POLHO,76,97.26,18.47,25.3,14.61,27.0,26.42,2026-10-08
108,OYAKC,76,97.04,20.34,28.56,18.87,28.78,7.79,2026-10-08
109,DOHOL,76,96.8,18.37,25.24,16.4,27.22,12.01,2026-10-08
110,SISE,76,96.79,37.82,53.41,32.02,29.18,18.1,2026-10-08
111,ZRGYO,75,96.25,19.05,25.73,14.7,25.95,29.56,2026-10-08
112,ANELE,75,96.25,24.12,229.4,13.32,89.49,81.08,2026-10-08
113,NUHCM,75,96.1,211.3,330.32,196.0,36.03,7.81,2026-10-08
114,LIDFA,75,96.08,1.55,2.49,1.15,37.76,34.21,2026-10-08
115,LMKDC,74,95.9,23.72,36.92,19.55,35.75,21.33,2026-10-08
116,BJKAS,74,95.83,1.54,3.2,1.44,51.88,6.94,2026-10-08
117,ODAS,74,95.74,5.92,9.71,4.97,39.03,19.11,2026-10-08
118,TTKOM,74,95.2,52.4,75.65,47.48,30.73,10.36,2026-10-08
119,AKMGY,74,94.92,209.7,327.1,178.25,35.89,17.64,2026-10-08
120,EPLAS,73,94.67,5.26,7.78,4.91,32.39,7.13,2026-10-08
121,TBORG,73,94.43,123.8,197.41,115.15,37.29,7.51,2026-10-08
122,GEREL,73,93.85,23.8,47.24,15.76,49.62,51.02,2026-10-08
123,TURGG,73,93.83,25.14,46.64,22.46,46.1,11.93,2026-10-08
124,ICBCT,72,93.77,15.09,28.08,12.31,46.26,22.58,2026-10-08
125,FMIZP,72,93.13,267.25,367.08,245.5,27.2,8.86,2026-10-08
126,OFSYM,72,93.02,54.45,80.07,49.29,31.99,10.47,2026-10-08
127,ISFIN,72,93.0,16.61,22.32,15.84,25.58,4.86,2026-10-08
128,SAYAS,72,92.69,39.48,71.5,36.4,44.78,8.46,2026-10-08
129,CIMSA,71,92.41,41.12,60.0,39.42,31.47,4.31,2026-10-08
130,THYAO,71,92.28,284.25,355.5,258.25,20.04,10.07,2026-10-08
131,AKFGY,71,92.23,2.4,3.17,2.32,24.4,3.45,2026-10-08
132,SONME,71,92.17,122.4,200.0,107.0,38.8,14.39,2026-10-08
133,MTRKS,70,92.09,21.7,37.2,19.63,41.67,10.56,2026-10-08
134,BASGZ,70,91.92,39.06,51.69,36.02,24.43,8.43,2026-10-08
135,DGGYO,70,91.89,29.0,49.3,26.12,41.18,11.03,2026-10-08
136,EUYO,70,91.65,4.39,7.14,3.41,38.52,28.74,2026-10-08
137,DNISI,70,91.63,4.14,5.7,3.71,27.38,11.59,2026-10-08
138,IZMDC,69,91.47,6.65,14.85,5.84,55.22,13.87,2026-10-08
139,ULUUN,69,91.45,6.98,10.79,5.63,35.31,23.98,2026-10-08
140,VAKKO,69,91.29,58.0,95.53,51.19,39.28,13.31,2026-10-08
141,MGROS,69,91.2,501.0,727.0,415.39,31.09,20.61,2026-10-08
142,BRISA,69,91.01,71.7,104.0,68.5,31.06,4.67,2026-10-08
143,GSDHO,68,91.01,4.26,6.92,3.9,38.44,9.23,2026-10-08
144,PETUN,68,90.98,10.04,15.63,9.68,35.75,3.72,2026-10-08
145,AFYON,68,90.71,11.04,16.59,10.63,33.45,3.86,2026-10-08
146,KNFRT,68,90.67,10.6,17.54,9.52,39.57,11.34,2026-10-08
147,OTKAR,67,90.36,344.0,540.0,270.0,36.3,27.41,2026-10-08
148,GRSEL,67,89.96,274.5,400.17,252.0,31.4,8.93,2026-10-08
149,KCAER,67,89.6,10.48,16.9,9.88,37.99,6.11,2026-10-08
150,GOZDE,67,89.6,18.65,28.72,18.1,35.06,3.04,2026-10-08
151,SARKY,67,89.52,19.38,51.02,13.84,62.02,39.99,2026-10-08
152,BOSSA,66,89.42,5.61,8.0,5.48,29.87,2.37,2026-10-08
153,OZKGY,66,89.39,11.79,16.26,11.54,27.5,2.21,2026-10-08
154,EGSER,66,89.15,2.59,3.89,2.4,33.42,7.92,2026-10-08
155,KARSN,66,89.07,8.97,16.9,8.54,46.92,5.04,2026-10-08
156,CUSAN,65,88.89,19.8,32.92,17.24,39.85,14.85,2026-10-08
157,ADGYO,65,88.54,45.36,72.5,43.5,37.43,4.28,2026-10-08
158,DOAS,65,88.1,142.9,211.19,140.4,32.34,1.78,2026-10-08
159,EMNIS,65,88.06,133.9,203.0,114.9,34.04,16.54,2026-10-08
160,FROTO,65,87.78,74.4,130.91,72.05,43.17,3.26,2026-10-08
161,ULKER,64,87.78,86.25,134.76,82.35,36.0,4.74,2026-10-08
162,DIRIT,64,87.73,20.4,35.0,18.21,41.71,12.03,2026-10-08
163,PRKME,64,87.64,15.61,27.6,13.22,43.44,18.08,2026-10-08
164,BNTAS,64,87.56,5.32,7.6,5.08,30.0,4.72,2026-10-08
165,AYEN,63,87.53,25.28,45.8,23.56,44.8,7.32,2026-10-08
166,TUKAS,63,87.45,1.99,3.09,1.73,35.6,15.03,2026-10-08
167,AGYO,63,87.28,6.48,10.2,6.31,36.47,2.69,2026-10-08
168,ASGYO,63,86.89,9.58,13.59,9.53,29.51,0.52,2026-10-08
169,GARFA,63,86.84,22.6,37.5,21.86,39.73,3.39,2026-10-08
170,BUCIM,62,86.68,4.96,8.0,4.82,38.0,2.9,2026-10-08
171,VKGYO,62,86.68,1.65,2.44,1.6,32.24,3.12,2026-10-08
172,KONYA,62,86.57,3447.5,5340.0,3430.0,35.44,0.51,2026-10-08
173,HURGZ,62,86.31,4.95,9.98,4.84,50.4,2.27,2026-10-08
174,CLEBI,61,85.73,1335.0,2247.0,1315.0,40.59,1.52,2026-10-08
175,BOBET,61,85.25,15.58,25.54,15.15,39.0,2.84,2026-10-08
176,KRVGD,61,85.14,2.18,3.5,1.96,37.72,11.47,2026-10-08
177,KMPUR,61,84.89,13.98,24.66,12.8,43.31,9.22,2026-10-08
178,TSKB,61,84.69,9.8,13.85,9.62,29.26,1.87,2026-10-08
179,HTTBT,60,84.31,33.16,50.85,29.2,34.79,13.56,2026-10-08
180,SNPAM,60,84.26,18.06,27.04,17.48,33.21,3.32,2026-10-08
181,TTRAK,60,84.2,391.25,622.5,385.0,37.15,1.62,2026-10-08
182,ALTNY,60,84.1,12.82,20.96,11.51,38.84,11.38,2026-10-08
183,MSGYO,60,83.77,4.96,10.05,4.58,50.66,8.3,2026-10-08
184,GWIND,59,83.58,19.87,33.62,19.6,40.9,1.38,2026-10-08
185,MIATK,59,83.56,28.72,57.85,18.47,50.35,55.5,2026-10-08
186,BASCM,59,83.51,11.54,17.2,10.48,32.91,10.11,2026-10-08
187,ORMA,59,83.5,137.0,241.9,116.4,43.37,17.7,2026-10-08
188,OZGYO,58,83.44,1.63,2.7,1.54,39.63,5.84,2026-10-08
189,MTRYO,58,83.23,7.92,14.13,7.08,43.95,11.86,2026-10-08
190,GEDIK,58,83.17,5.03,8.05,4.65,37.52,8.17,2026-10-08
191,BAGFS,58,83.16,22.1,41.78,21.12,47.1,4.64,2026-10-08
192,ULUFA,58,83.08,1.43,2.59,1.37,44.68,4.38,2026-10-08
193,ADEL,57,83.05,26.46,61.15,23.3,56.73,13.56,2026-10-08
194,PINSU,57,82.61,8.76,15.66,8.61,44.06,1.74,2026-10-08
195,ISMEN,57,82.52,29.5,50.04,29.12,41.04,1.3,2026-10-08
196,EDIP,57,82.35,28.14,44.6,27.74,36.91,1.44,2026-10-08
197,MACKO,56,82.01,23.52,42.53,21.18,44.7,11.02,2026-10-08
198,MOGAN,56,81.92,9.1,21.86,7.56,58.37,20.37,2026-10-08
199,TUREX,56,81.78,5.8,9.99,4.72,41.94,22.88,2026-10-08
200,BANVT,56,81.72,130.5,191.8,126.3,31.96,3.33,2026-10-08
201,UNLU,56,81.4,10.47,19.34,9.79,45.86,6.95,2026-10-08
202,MAKIM,55,81.25,13.27,20.9,11.4,36.51,16.4,2026-10-08
203,SDTTR,55,80.81,15.4,27.27,14.66,43.53,5.05,2026-10-08
204,CATES,55,80.59,30.1,73.0,28.5,58.77,5.61,2026-10-08
205,OYLUM,55,80.55,6.75,13.12,5.64,48.55,19.68,2026-10-08
206,GEDZA,54,80.48,21.92,40.26,20.92,45.55,4.78,2026-10-08
207,DGATE,54,80.4,62.25,135.2,57.5,53.96,8.26,2026-10-08
208,DAGI,54,80.38,5.82,11.75,4.59,50.47,26.8,2026-10-08
209,EGEEN,54,80.17,4842.5,8467.5,4712.5,42.81,2.76,2026-10-08
210,GOLTS,54,80.17,253.25,400.61,248.3,36.78,1.99,2026-10-08
211,MERIT,53,79.43,13.58,24.42,13.0,44.39,4.46,2026-10-08
212,YUNSA,53,79.17,6.17,11.2,6.01,44.91,2.66,2026-10-08
213,ISSEN,53,79.15,5.65,11.38,5.1,50.35,10.78,2026-10-08
214,MAALT,53,79.01,819.5,1576.0,800.0,48.0,2.44,2026-10-08
215,ARCLK,52,78.99,80.5,136.0,79.2,40.81,1.64,2026-10-08
216,KRSTL,52,78.96,7.57,13.26,7.3,42.91,3.7,2026-10-08
217,DYOBY,52,78.59,10.16,22.8,9.54,55.44,6.5,2026-10-08
218,FADE,52,78.53,11.36,19.75,10.83,42.48,4.89,2026-10-08
219,CEMTS,52,78.16,7.66,12.9,7.42,40.64,3.23,2026-10-08
220,ERSU,51,78.02,16.92,30.2,10.62,43.97,59.32,2026-10-08
221,CEOEM,51,77.99,20.12,34.34,17.64,41.41,14.06,2026-10-08
222,DMSAS,51,77.87,6.49,14.9,4.97,56.44,30.58,2026-10-08
223,ALGYO,51,77.81,2.87,8.35,2.8,65.63,2.5,2026-10-08
224,SASA,50,77.66,1.88,3.69,1.75,49.05,7.43,2026-10-08
225,EKSUN,50,77.61,4.48,8.29,4.21,45.96,6.41,2026-10-08
226,INGRM,50,77.6,301.0,536.0,292.0,43.84,3.08,2026-10-08
227,LILAK,50,77.5,23.28,42.02,22.84,44.59,1.93,2026-10-08
228,MARTI,50,77.43,1.55,3.68,0.98,57.88,58.16,2026-10-08
229,AKGRT,49,77.42,5.19,8.71,5.08,40.41,2.17,2026-10-08
230,ACSEL,49,77.38,85.8,185.0,82.0,53.62,4.63,2026-10-08
231,KLGYO,49,77.33,4.27,8.3,3.46,48.55,23.41,2026-10-08
232,ASUZU,49,77.26,41.96,72.87,41.36,42.42,1.45,2026-10-08
233,BALAT,49,77.21,57.5,124.5,42.6,53.82,34.98,2026-10-08
234,BURCE,48,77.13,26.14,84.8,18.11,69.17,44.34,2026-10-08
235,INTEM,48,76.98,197.8,497.5,188.8,60.24,4.77,2026-10-08
236,BFREN,48,76.98,106.0,187.4,101.0,43.44,4.95,2026-10-08
237,IHEVA,48,76.96,1.62,2.75,1.51,41.09,7.28,2026-10-08
238,CMENT,47,76.76,236.6,389.25,208.8,39.22,13.31,2026-10-08
239,JANTS,47,76.7,13.24,21.88,13.03,39.49,1.61,2026-10-08
240,PENGD,47,76.56,7.04,15.94,6.61,55.83,6.51,2026-10-08
241,SRVGY,47,76.23,2.14,3.77,2.03,43.22,5.42,2026-10-08
242,KIMMR,47,76.06,10.7,20.95,10.44,48.94,2.49,2026-10-08
243,BRYAT,46,75.89,1428.0,2517.36,1367.0,43.27,4.46,2026-10-08
244,DESA,46,75.89,8.63,15.45,8.31,44.16,3.85,2026-10-08
245,NUGYO,46,75.8,7.09,12.2,7.02,41.89,1.0,2026-10-08
246,MRSHL,46,75.79,1263.0,2650.0,1255.0,52.34,0.64,2026-10-08
247,AVHOL,45,75.73,28.3,54.5,24.0,48.07,17.92,2026-10-08
248,TSGYO,45,75.57,4.89,10.25,4.65,52.29,5.16,2026-10-08
249,GESAN,45,75.52,40.7,97.2,38.68,58.13,5.22,2026-10-08
250,PGSUS,45,75.49,135.6,226.1,133.5,40.03,1.57,2026-10-08
251,PENTA,45,75.45,9.86,17.23,9.4,42.77,4.89,2026-10-08
252,PLTUR,44,75.45,15.61,27.38,14.01,42.99,11.42,2026-10-08
253,TGSAS,44,75.12,125.9,280.75,78.05,55.16,61.31,2026-10-08
254,ECILC,44,75.08,62.35,129.89,54.8,52.0,13.78,2026-10-08
255,DERIM,44,74.9,26.88,44.82,25.22,40.03,6.58,2026-10-08
256,OZRDN,43,74.45,13.88,40.68,9.7,65.88,43.09,2026-10-08
257,SUNTK,43,74.08,25.1,60.22,23.83,58.32,5.32,2026-10-08
258,YYLGD,43,74.06,7.57,14.61,6.91,48.19,9.55,2026-10-08
259,GSRAY,43,73.98,0.8,1.59,0.78,49.69,2.56,2026-10-08
260,TUCLK,43,73.95,3.28,10.4,2.97,68.46,10.44,2026-10-08
261,KLNMA,42,73.84,7.4,15.75,7.3,53.02,1.37,2026-10-08
262,ALCAR,42,73.71,591.5,1010.0,568.0,41.44,4.14,2026-10-08
263,HEKTS,42,73.66,2.16,5.13,2.01,57.89,7.46,2026-10-08
264,KLSER,42,73.39,18.73,33.34,18.3,43.82,2.35,2026-10-08
265,LKMNH,41,73.37,10.79,19.07,10.6,43.43,1.79,2026-10-08
266,ATLAS,41,73.31,5.0,12.05,4.49,58.51,11.36,2026-10-08
267,KAYSE,41,73.1,3.05,6.39,2.96,52.27,3.04,2026-10-08
268,SELEC,41,73.06,74.2,402.5,66.02,81.57,12.38,2026-10-08
269,YATAS,41,72.79,26.7,49.0,25.68,45.51,3.97,2026-10-08
270,PRKAB,40,72.78,24.28,70.95,22.78,65.78,6.58,2026-10-08
271,KLMSN,40,72.66,22.1,39.5,20.34,44.05,8.65,2026-10-08
272,BAKAB,40,72.41,30.92,59.25,29.84,47.81,3.62,2026-10-08
273,OBASE,40,72.34,25.94,52.6,23.22,50.68,11.71,2026-10-08
274,BERA,40,72.21,11.46,23.1,10.72,50.39,6.9,2026-10-08
275,TLMAN,39,71.99,62.3,116.0,59.85,46.29,4.09,2026-10-08
276,ALFAS,39,71.98,29.3,66.6,27.08,56.01,8.2,2026-10-08
277,PARSN,39,71.73,59.95,108.5,58.0,44.75,3.36,2026-10-08
278,DESPC,39,71.72,30.3,62.3,28.2,51.36,7.45,2026-10-08
279,SKTAS,38,71.61,2.49,6.08,2.23,59.05,11.66,2026-10-08
280,VKFYO,38,71.37,19.69,60.85,16.6,67.64,18.61,2026-10-08
281,MZHLD,38,71.36,4.17,7.83,3.84,46.74,8.59,2026-10-08
282,OSMEN,38,71.15,5.5,10.82,4.8,49.17,14.58,2026-10-08
283,BYDNR,38,71.11,21.64,46.88,19.5,53.84,10.97,2026-10-08
284,BRLSM,37,71.02,10.4,27.2,9.85,61.76,5.58,2026-10-08
285,KFEIN,37,70.98,6.07,12.54,5.67,51.59,7.05,2026-10-08
286,KUTPO,37,70.92,64.75,125.0,63.55,48.2,1.89,2026-10-08
287,ATAKP,37,70.74,35.3,64.0,30.6,44.84,15.36,2026-10-08
288,CMBTN,36,70.36,1212.0,2386.0,1192.0,49.2,1.68,2026-10-08
289,MEDTR,36,70.29,19.28,34.33,17.59,43.84,9.61,2026-10-08
290,AVOD,36,70.15,2.87,5.91,2.79,51.44,2.87,2026-10-08
291,OBAMS,36,70.06,4.36,9.53,4.17,54.25,4.56,2026-10-08
292,ATAGY,36,69.98,8.46,18.48,8.04,54.22,5.22,2026-10-08
293,ECZYT,35,69.84,220.0,426.75,190.9,48.45,15.24,2026-10-08
294,RODRG,35,69.76,15.52,33.54,15.01,53.73,3.4,2026-10-08
295,VERTU,35,69.62,25.8,49.38,25.32,47.75,1.9,2026-10-08
296,AYCES,35,69.56,354.0,1327.0,334.5,73.32,5.83,2026-10-08
297,SANEL,34,69.5,29.02,88.9,25.9,67.36,12.05,2026-10-08
298,CANTE,34,69.41,1.06,2.87,0.92,63.07,15.22,2026-10-08
299,FENER,34,69.28,2.38,12.49,2.27,80.94,4.85,2026-10-08
300,LUKSK,34,69.1,68.85,135.5,60.3,49.19,14.18,2026-10-08
301,MARBL,34,68.95,8.64,16.23,8.45,46.77,2.25,2026-10-08
302,BLCYT,33,68.94,1.72,6.19,1.55,72.21,10.97,2026-10-08
303,SNGYO,33,68.92,2.72,5.45,2.57,50.09,5.84,2026-10-08
304,RAYSG,33,68.62,130.0,277.75,118.2,53.2,9.98,2026-10-08
305,NIBAS,33,68.52,2.8,11.6,2.71,75.86,3.32,2026-10-08
306,YKSLN,32,68.44,2.3,6.47,2.02,64.45,13.86,2026-10-08
307,ELITE,32,68.4,19.99,44.7,18.85,55.28,6.05,2026-10-08
308,CEMAS,32,68.34,3.11,7.8,2.96,60.13,5.07,2026-10-08
309,DENGE,32,67.97,1.75,4.25,1.65,58.82,6.06,2026-10-08
310,SUWEN,32,67.54,5.0,11.88,4.64,57.91,7.76,2026-10-08
311,SAMAT,31,67.39,3.87,8.59,3.67,54.95,5.45,2026-10-08
312,BRMEN,31,67.36,8.45,23.0,6.26,63.26,34.98,2026-10-08
313,MEGMT,31,67.04,3.66,9.93,3.05,63.13,20.16,2026-10-08
314,DOKTA,31,67.03,15.41,32.5,14.84,52.58,3.84,2026-10-08
315,KTLEV,30,66.84,7.28,69.0,3.69,89.45,97.37,2026-10-08
316,PSDTC,30,66.79,86.55,196.3,81.75,55.91,5.87,2026-10-08
317,IHGZT,30,66.69,0.93,2.14,0.9,56.54,3.33,2026-10-08
318,KAREL,30,66.53,6.08,14.0,5.52,56.57,10.14,2026-10-08
319,VAKFN,30,66.42,0.91,2.12,0.88,57.01,3.41,2026-10-08
320,ZEDUR,29,66.41,5.44,11.95,5.27,54.48,3.23,2026-10-08
321,OYYAT,29,66.38,27.1,71.16,26.16,61.92,3.59,2026-10-08
322,RUBNS,29,66.32,15.8,49.14,14.5,67.85,8.97,2026-10-08
323,GLCVY,29,66.31,39.02,81.17,38.4,51.93,1.61,2026-10-08
324,EYGYO,29,66.29,1.9,5.01,1.86,62.09,2.15,2026-10-08
325,PKENT,28,66.27,98.6,324.75,89.0,69.64,10.79,2026-10-08
326,ALKIM,28,66.27,11.81,21.56,11.55,45.22,2.25,2026-10-08
327,DGNMO,28,66.17,3.91,10.68,3.37,63.39,16.02,2026-10-08
328,ERBOS,28,65.96,114.7,226.0,111.1,49.25,3.24,2026-10-08
329,ZOREN,27,65.73,1.84,3.78,1.8,51.32,2.22,2026-10-08
330,INVEO,27,65.26,5.38,11.78,5.32,54.33,1.13,2026-10-08
331,GOKNR,27,65.09,13.99,28.53,13.8,50.97,1.38,2026-10-08
332,CWENE,27,64.97,19.29,48.3,17.89,60.06,7.83,2026-10-08
333,EKIZ,27,64.83,55.5,160.0,42.5,65.31,30.59,2026-10-08
334,VESTL,26,64.73,17.59,36.32,16.91,51.57,4.02,2026-10-08
335,ALCTL,26,64.18,79.05,183.0,78.15,56.8,1.15,2026-10-08
336,AKSUE,26,63.93,17.1,51.5,13.71,66.8,24.73,2026-10-08
337,SODSN,26,63.9,6.22,16.65,5.62,62.64,10.68,2026-10-08
338,BRKO,25,63.85,6.79,16.94,5.7,59.92,19.12,2026-10-08
339,BEYAZ,25,63.83,16.8,37.21,15.82,54.85,6.19,2026-10-08
340,INFO,25,63.45,1.38,4.46,0.72,69.06,91.67,2026-10-08
341,PRDGS,25,63.44,4.11,9.59,3.64,57.14,12.91,2026-10-08
342,HATSN,25,63.33,28.4,92.0,27.26,69.13,4.18,2026-10-08
343,SMART,24,63.27,15.54,43.0,14.89,63.86,4.37,2026-10-08
344,SILVR,24,63.27,1.61,3.35,1.46,51.94,10.27,2026-10-08
345,KBORU,24,62.77,11.55,28.24,10.32,59.1,11.92,2026-10-08
346,IHYAY,24,62.67,1.02,2.77,0.98,63.18,4.08,2026-10-08
347,OSTIM,23,62.67,1.23,2.7,1.15,54.38,6.96,2026-10-08
348,COSMO,23,62.49,102.4,312.75,75.8,67.26,35.09,2026-10-08
349,PAMEL,23,61.95,50.0,108.6,44.18,53.96,13.17,2026-10-08
350,DERHL,23,61.72,1.6,3.66,1.49,56.33,7.38,2026-10-08
351,GRNYO,23,61.58,8.75,22.4,6.74,60.94,29.82,2026-10-08
352,CRDFA,22,61.41,12.88,45.88,6.57,71.93,96.04,2026-10-08
353,IHLGM,22,61.24,1.18,3.14,1.11,62.42,6.31,2026-10-08
354,SEGYO,22,61.09,2.74,7.02,2.58,60.97,6.2,2026-10-08
355,KENT,22,61.08,273.75,799.5,270.0,65.76,1.39,2026-10-08
356,BINHO,21,60.86,5.71,12.48,5.49,54.25,4.01,2026-10-08
357,TMSN,21,60.64,55.7,122.4,53.05,54.49,5.0,2026-10-08
358,AVTUR,21,60.46,9.43,22.76,8.42,58.57,12.0,2026-10-08
359,LINK,21,60.37,3.65,9.46,3.36,61.43,8.63,2026-10-08
360,ULAS,21,60.21,15.54,44.5,13.29,65.08,16.93,2026-10-08
361,SEKFK,20,60.03,4.13,12.62,3.72,67.27,11.02,2026-10-08
362,CONSE,20,59.23,1.65,3.95,1.57,58.23,5.1,2026-10-08
363,AKYHO,20,58.84,1.52,3.3,1.48,53.94,2.7,2026-10-08
364,BMSCH,20,58.84,8.88,33.44,8.24,73.44,7.77,2026-10-08
365,BIENY,20,58.66,13.86,44.34,13.8,68.74,0.43,2026-10-08
366,VRGYO,19,58.27,1.3,3.66,1.09,64.48,19.27,2026-10-08
367,YESIL,19,57.92,0.89,3.3,0.8,73.03,11.25,2026-10-08
368,EKOS,19,57.92,3.29,9.48,3.19,65.3,3.13,2026-10-08
369,BAYRK,19,57.9,2.86,8.92,2.63,67.93,8.75,2026-10-08
370,ARENA,18,57.68,14.87,45.0,14.3,66.96,3.99,2026-10-08
371,GENTS,18,57.64,4.14,13.62,3.97,69.6,4.28,2026-10-08
372,KATMR,18,57.61,1.5,4.2,1.45,64.29,3.45,2026-10-08
373,SMRTG,18,57.04,4.85,13.33,4.5,63.62,7.78,2026-10-08
374,SAFKR,18,57.04,12.45,30.74,10.5,59.5,18.57,2026-10-08
375,POLTK,17,56.8,3065.0,13252.5,2660.0,76.87,15.23,2026-10-08
376,KOPOL,17,56.48,3.2,7.67,2.93,58.28,9.22,2026-10-08
377,QUAGR,17,55.66,1.97,10.18,1.82,80.65,8.24,2026-10-08
378,SEYKM,17,55.47,2.85,7.43,2.22,61.64,28.38,2026-10-08
379,HATEK,16,55.26,8.26,25.2,7.3,67.22,13.15,2026-10-08
380,NATEN,16,55.18,3.95,9.84,3.78,59.86,4.5,2026-10-08
381,VESBE,16,55.18,3.92,9.7,3.87,59.59,1.29,2026-10-08
382,TRILC,16,55.07,0.99,4.4,0.71,77.5,39.44,2026-10-08
383,EUREN,16,55.04,2.74,9.19,2.69,70.18,1.86,2026-10-08
384,ESEN,15,55.01,2.47,16.77,2.41,85.27,2.49,2026-10-08
385,DARDL,15,54.94,1.12,2.78,1.08,59.71,3.7,2026-10-08
386,CASA,15,54.82,45.22,124.8,40.96,63.77,10.4,2026-10-08
387,IHLAS,15,54.26,0.87,3.89,0.81,77.63,7.41,2026-10-08
388,HUBVC,14,54.18,1.55,5.4,1.4,71.3,10.71,2026-10-08
389,GLRYH,14,53.79,1.94,5.15,1.61,62.33,20.5,2026-10-08
390,BIOEN,14,53.51,9.55,25.08,9.18,61.92,4.03,2026-10-08
391,MERCN,14,53.31,10.69,37.19,10.45,71.25,2.3,2026-10-08
392,YAYLA,14,53.16,13.14,36.4,12.5,63.9,5.12,2026-10-08
393,MAKTK,13,52.77,6.7,18.29,6.2,63.37,8.06,2026-10-08
394,PAPIL,13,52.76,7.8,21.48,7.2,63.69,8.33,2026-10-08
395,IDGYO,13,52.75,2.09,5.5,1.93,62.0,8.29,2026-10-08
396,IEYHO,13,51.62,38.56,234.9,24.06,83.58,60.27,2026-10-08
397,LRSHO,12,51.46,1.85,6.62,1.73,72.05,6.94,2026-10-08
398,SELVA,12,51.01,1.16,4.2,1.1,72.38,5.45,2026-10-08
399,SANFM,12,50.78,4.12,11.6,3.52,64.48,17.05,2026-10-08
400,CGCAM,12,50.65,18.73,55.4,18.43,66.19,1.63,2026-10-08
401,ARZUM,12,50.17,1.18,3.99,1.12,70.43,5.36,2026-10-08
402,ADESE,11,50.15,0.58,4.45,0.56,86.97,3.57,2026-10-08
403,SKBNK,11,48.8,4.94,20.0,4.71,75.3,4.88,2026-10-08
404,BIGCH,11,48.52,3.61,14.68,3.32,75.42,8.73,2026-10-08
405,MEGAP,11,47.95,1.19,5.0,1.16,76.2,2.59,2026-10-08
406,ONCSM,10,47.88,102.1,389.75,77.0,73.8,32.6,2026-10-08
407,IZENR,10,47.86,4.03,13.39,3.08,69.9,30.84,2026-10-08
408,MEKAG,10,47.7,1.94,8.5,1.91,77.18,1.57,2026-10-08
409,ESCAR,10,47.47,14.8,57.0,13.11,74.04,12.89,2026-10-08
410,IZINV,10,47.42,29.96,87.5,29.26,65.76,2.39,2026-10-08
411,REEDR,9,47.05,3.3,11.2,3.18,70.54,3.77,2026-10-08
412,AGROT,9,46.68,1.33,4.25,1.27,68.71,4.72,2026-10-08
413,EGEPO,9,46.39,5.46,20.58,5.28,73.47,3.41,2026-10-08
414,ISKPL,9,46.36,3.84,23.8,2.82,83.86,36.17,2026-10-08
415,IMASM,9,46.21,1.56,6.35,1.47,75.43,6.12,2026-10-08
416,TDGYO,8,45.45,8.08,42.56,5.84,81.02,38.36,2026-10-08
417,GZNMI,8,45.15,29.36,299.25,28.2,90.19,4.11,2026-10-08
418,CVKMD,8,45.05,12.91,49.04,11.45,73.67,12.75,2026-10-08
419,HDFGS,8,44.12,1.33,6.34,0.81,79.02,64.2,2026-10-08
420,OTTO,7,43.68,118.6,558.0,82.5,78.75,43.76,2026-10-08
421,ICUGS,7,42.45,1.49,6.93,1.07,78.5,39.25,2026-10-08
422,GENIL,7,42.11,4.25,14.9,3.49,71.47,21.78,2026-10-08
423,BTCIM,7,41.13,1.93,7.09,1.83,72.78,5.46,2026-10-08
424,TEKTU,7,40.92,4.24,32.06,4.11,86.77,3.16,2026-10-08
425,AHSGY,6,39.63,6.53,26.5,5.35,75.36,22.06,2026-10-08
426,DOGUB,6,39.47,19.81,146.5,17.42,86.48,13.72,2026-10-08
427,EDATA,6,39.27,4.0,26.18,3.59,84.72,11.42,2026-10-08
428,FORMT,6,37.57,0.94,4.4,0.9,78.64,4.44,2026-10-08
429,FZLGY,5,37.28,5.26,20.2,4.9,73.96,7.35,2026-10-08
430,TATEN,5,36.89,4.62,23.89,4.28,80.66,7.94,2026-10-08
431,MANAS,5,36.45,5.62,40.42,5.62,86.1,0.0,2026-10-08
432,SURGY,5,36.15,18.8,88.3,17.98,78.71,4.56,2026-10-08
433,BORLS,5,33.44,1.74,33.16,1.45,94.75,20.0,2026-10-08
434,KAPLM,4,32.38,134.2,746.5,115.9,82.02,15.79,2026-10-08
435,MERKO,4,30.72,0.99,18.53,0.9,94.66,10.0,2026-10-08
436,EMKEL,4,29.88,6.99,82.6,6.86,91.54,1.9,2026-10-08
437,DAPGM,4,29.48,3.06,15.95,2.75,80.82,11.27,2026-10-08
438,ENSRI,3,29.01,2.92,38.92,2.81,92.5,3.91,2026-10-08
439,DITAS,3,28.83,8.25,57.0,7.97,85.53,3.51,2026-10-08
440,KONTR,3,25.99,2.03,36.78,2.0,94.48,1.5,2026-10-08
441,IZFAS,3,25.69,12.73,74.95,9.48,83.02,34.28,2026-10-08
442,TMPOL,3,25.18,88.05,703.0,64.3,87.48,36.94,2026-10-08
443,MAGEN,2,24.48,7.96,68.7,7.0,88.41,13.71,2026-10-08
444,KRTEK,2,24.4,5.81,40.74,4.85,85.74,19.79,2026-10-08
445,UFUK,2,23.81,322.0,2300.0,259.25,86.0,24.2,2026-10-08
446,BSOKE,2,23.8,5.62,40.0,5.14,85.95,9.34,2026-10-08
447,KUYAS,1,23.15,14.28,94.85,14.28,84.94,0.0,2026-10-08
448,TERA,1,23.1,41.7,401.25,41.7,89.61,0.0,2026-10-08
449,RALYH,1,22.46,45.46,401.75,45.46,88.68,0.0,2026-10-08
450,USAK,1,22.26,0.41,3.88,0.37,89.43,10.81,2026-10-08
451,MMCAS,1,22.05,15.82,150.0,13.6,89.45,16.32,2026-10-08
452,KLRHO,1,21.24,13.66,383.06,9.15,96.43,49.29,2026-10-08
453,HEDEF,1,17.17,12.48,396.0,7.52,96.85,65.96,2026-10-08
454,BARMA,1,14.59,5.6,82.0,5.46,93.17,2.56,2026-10-08
455,LIDER,1,9.93,8.37,153.75,6.82,94.56,22.73,2026-10-08
